{"model_name": "bert-base-multilingual-cased", "optimizer": "Adam", "batch": 64, "learning_late": 2e-05, "train_accuracy": [0.5592124705196272, 0.6603615431920856, 0.74123988464369, 0.798372431427029, 0.845389502691039, 0.8760058647351907, 0.8989134388612517, 0.9092107656154227, 0.9214402618983113, 0.9302344744932567], "train_loss": [0.6786467733112633, 0.6079623902097662, 0.517179493574386, 0.4337303086798242, 0.3455172325913788, 0.2884040854290022, 0.23212141020500915, 0.21598307001041184, 0.19238677710717453, 0.1669425684298184], "eval_accuracy": [0.685, 0.687109375], "epoch": [0.586, 0.626, 0.658, 0.669, 0.661, 0.684, 0.665, 0.679, 0.677, 0.685]}
{
    "model_name": "snunlp/KR-FinBert-SC",
    "optimizer": "Adam",
    "batch": 64,
    "learning_late": 2e-05,
    "train_accuracy": [
        0.5432607066546772,
        0.6558408348272878,
        0.7726404802173588,
        0.850890502862051,
        0.9053719994869638,
        0.9301236588904198,
        0.9422025595996397,
        0.9496897163120568,
        0.9568927304964538,
        0.9605269140385567
    ],
    "train_loss": [
        0.7991258028551196,
        0.6094248791535696,
        0.46733327516427275,
        0.3292228952578619,
        0.22731765264526327,
        0.16717505581835482,
        0.13927675109911472,
        0.11917759649825434,
        0.10131400768110092,
        0.10010733810775246
    ],
    "eval_accuracy": [
        0.707,
        0.707421875
    ],
    "epoch": [
        0.603,
        0.681,
        0.698,
        0.71,
        0.703,
        0.7,
        0.709,
        0.698,
        0.704,
        0.707
    ]
}
{
    "model_name": "snunlp/KR-FinBert-SC",
    "optimizer": "Adam",
    "batch": 64,
    "learning_late": 2e-05,
    "train_accuracy": [
        0.5312130616066304,
        0.6591965585735673,
        0.7765019776973319
    ],
    "train_loss": [
        0.8054789955734362,
        0.6081546802892752,
        0.4542467302464424
    ],
    "epoch": [
        0.604,
        0.664,
        0.699
    ]
}
{
    "model_name": "bert-base-multilingual-cased",
    "optimizer": "Adam",
    "batch": 64,
    "learning_late": 2e-05,
    "train_accuracy": [
        0.553353450822492,
        0.654417280609726,
        0.7286779415522907
    ],
    "train_loss": [
        0.6817048373797261,
        0.6151772784003129,
        0.5309658521878804
    ],
    "epoch": [
        0.614,
        0.646,
        0.646
    ]
}
{
    "model_name": "snunlp/KR-FinBert-SC",
    "optimizer": "Adam",
    "batch": 64,
    "learning_late": 2e-05,
    "train_accuracy": [
        0.5402260638297872,
        0.6705895391761834,
        0.7800531915739073
    ],
    "train_loss": [
        0.8067902043356118,
        0.5930526400288791,
        0.4528009238395285
    ],
    "epoch": [
        0.5914085914085914,
        0.6523476523476524,
        0.6803196803196803
    ]
}
{
    "model_name": "snunlp/KR-FinBert-SC",
    "optimizer": "Adam",
    "batch": 64,
    "learning_late": 2e-05,
    "train_accuracy": [
        0.543724173553719,
        0.6252995867768595,
        0.6971849173553719,
        0.7568078512396694,
        0.8053460743801653,
        0.8416787190082644,
        0.8694938016528926,
        0.8894318181818182,
        0.905573347107438,
        0.9170609504132231
    ],
    "train_loss": [
        0.692765886921528,
        0.6369452719451968,
        0.5626826961572505,
        0.48159122692651984,
        0.405517047003281,
        0.34378007993964127,
        0.29132440116533564,
        0.25200225698800127,
        0.22024665600504756,
        0.19831794493947147
    ],
    "epoch": [
        0.5795053003533569,
        0.6067509763808815,
        0.6157243816254417,
        0.6160498419192858,
        0.6176771433885067,
        0.6199088711177236,
        0.6211177236377162,
        0.6193044448577274,
        0.6217686442254045,
        0.6178631206992747
    ],
    "time_taken": "05:37:54"
}
